x,y,z,label
0.9152895862393012,0.5896558613391016,2.1041946623185694,B
0.9115704601841297,0.674705986056643,2.116715831051313,B
0.9070432184948231,0.8056598127278216,2.131556291640534,B
0.9068424909461611,0.6126798196060481,2.1322045297075656,B
0.9065219518458,0.9255997741767019,2.1332380195067118,B
0.905490554077086,0.9461324970611514,2.1365496265599693,B
0.9053478054904959,0.9837734228608112,2.1370063107697383,B
0.9050585235978952,0.9507747281029859,2.137930564357357,B
0.9048516697339125,0.6480068832137309,2.13859045992282,B
0.9046857954823189,0.7133551151304804,2.139119023162493,B
0.9044529052643965,1.0022709929368578,2.1398602346272844,B
0.9033203743483564,0.6204982853748104,2.143449825468992,B
0.9030370231062845,0.6161726143641522,2.1443440878315827,B
0.9021482913330292,0.9134986665778928,2.1471391164201217,B
0.9018933026614354,0.7314417145008163,2.147938314102901,B
0.8996042931003438,0.6566722159494298,2.1550589749249442,B
0.8990532433407709,0.7389963387457931,2.1567589722923404,B
0.8985424267563631,0.9641003179054566,2.158330001949834,B
0.8980778817077402,0.8861305820295973,2.1597547016668477,B
0.8975026868487996,0.6631245257840237,2.1615134813238255,B
0.8954248330380705,1.0008672429498593,2.1678190839233125,B
0.8946677572864321,0.7721510611131643,2.1700982085949403,B
0.8941314180053762,0.7108796413667879,2.171706979646121,B
0.8936818123781248,0.7416304570538722,2.173051885819539,B
0.8935387415123516,0.6546725982346693,2.1734791490366847,B
0.893149377343399,0.6489223993080685,2.1746402203693256,B
0.8929863370728299,0.9385228683920289,2.175125657972509,B
0.8927895503315665,0.7708137521673504,2.175710990248204,B
0.8912290179167563,0.8630725554149128,2.180330349647913,B
0.8896469286971589,0.6868504426906071,2.1849735542956044,B
0.8879030689618551,0.9316839043677153,2.1900458791183874,B
0.8877378020594244,0.8839010081350005,2.1905241402645386,B
0.8868424792106638,0.6562107341562613,2.193107811528508,B
0.8864092050357691,0.7265143534081873,2.194353744688308,B
0.8852628184379359,0.7291957278223862,2.19763666772574,B
0.88346885114805,0.6421920760652126,2.202734854240969,B
0.8834304112219896,0.7929837482652844,2.202843577325943,B
0.8827420096946175,0.7093801752926691,2.2047870066344104,B
0.8815251431490632,0.5826950117601608,2.20820561949977,B
0.8799234837008982,0.675087959139338,2.2126731308049075,B
0.8783840222322494,0.7140662743314021,2.2169333276853322,B
0.8776998284952456,0.7545442211950509,2.218816231650125,B
0.8773050337727448,0.6368589107789333,2.21989980196084,B
0.8768896602389162,0.8838175851789306,2.2210375707781638,B
0.875403938633203,0.6755564043872777,2.2250881839523515,B
0.874910453485623,0.7140850532265927,2.2264270929408942,B
0.8745679513285458,0.8220322458437026,2.227354467673931,B
0.8744469711466007,0.9096146651157005,2.22768167007848,B
0.8741558980979187,0.8925146662776016,2.2284681174192853,B
0.8740919995402068,0.6489901615360752,2.2286406156429637,B
0.8706212497870278,0.7902257490756202,2.2379308495335897,B
0.8704870579927099,0.7323617055326672,2.238286959251748,B
0.8700410537597154,0.785783410564234,2.239468911272502,B
0.8689569334452674,0.8409852802510227,2.2423315684982983,B
0.8667093887018964,0.9344310662750726,2.2482201413728227,B
0.8665949881561027,0.6022414737919324,2.248518225984598,B
0.8654547499556092,0.9062609072588876,2.25148065211512,B
0.8654433003764471,0.9842427096673159,2.2515103200392037,B
0.8623088980395158,0.9506685593148758,2.259573939662374,B
0.8582742598514783,0.9952526536620837,2.2697869273194327,B
0.8570499546261108,0.7589368616023975,2.272849981800872,B
0.8547908593277354,0.9640416248220746,2.278458939393685,B
0.8543388435291306,0.9188892124138147,2.2795746057844255,B
0.854214293960993,0.5890961149071243,2.2798816352393647,B
0.8518506168308804,0.7995649318328747,2.285677214166804,B
0.8511171432158584,0.6472621797714635,2.287463725627518,B
0.8509696715065798,0.6030408253323611,2.2878222457483433,B
0.8505573057838336,0.6867204751269373,2.2888235585667616,B
0.8467242030241,0.918734260645625,2.298048105711495,B
0.8463197585557548,0.6344153156123367,2.2990127965970193,B
0.843199995242351,0.9851701570864411,2.306400011193219,B
0.8431625056951819,0.8783815258089187,2.3064882052622346,B
0.8422318755536857,0.9972116378703668,2.308673174127207,B
0.8419536656031832,0.7592097790419665,2.3093247532351073,B
0.8419207705171708,0.9423098956395659,2.3094017459744514,B
0.8406613731441932,0.7391720187974335,2.312341692474582,B
0.8396568359313576,0.7427573883699994,2.314675944910562,B
0.8388592640339099,0.986767956904554,2.3165225373956897,B
0.8383954296501525,0.9743340101354427,2.317593715098708,B
0.8383831107674709,0.8249962282310368,2.317622137086981,B
0.8375816111233538,0.7571314853483126,2.3194683341002356,B
0.8331498883231824,0.7177366051607837,2.3295708788710607,B
0.8328031764372159,0.8203635288978421,2.3303538137211075,B
0.8327477359904791,0.7597518015553879,2.3304789090977236,B
0.8327332269278093,0.9840218693872596,2.3305116427440344,B
0.8326905410339204,0.7633143771140021,2.330607934866645,B
0.8263822985813204,0.8219392334605394,2.344664233486165,B
0.8262139489482947,0.9712784809485686,2.3450347027000404,B
0.8191464167557798,0.7737928540684922,2.36037670982621,B
0.7838224556286367,0.7978994663291872,2.431477485298309,B
0.7756208336215228,0.8340860027871922,2.4467986721143897,B
0.7728560187097391,0.8142163434721641,2.4518721249591753,B
0.7703821006801969,0.8101611583826864,2.4563737201748204,B
0.770374664841589,0.7710786829403213,2.4563871969463893,B
0.7678877952500213,0.777842532998601,2.4608765536158317,B
0.7546230072762695,0.7943004225336862,2.484237909756055,B
0.7502657453333892,0.7833648900822066,2.4917045682074384,B
0.7497124718452818,0.8069394474661484,2.492645566911566,B
0.7485558040125063,0.818343816251637,2.494607695842023,B
0.7406880947658315,0.8052887197539276,2.5077735753195585,B
0.7240675682546867,0.8203732706896862,2.5345935686799557,B
0.7007679740292224,0.807713964994059,2.5700839008197924,B
0.6876881478822476,0.7688759504013497,2.589009309115463,B
0.6853655037946327,0.777494478545605,2.5922988528643343,B
0.6544771989772666,0.8295567659844019,2.634122608469852,B
0.6492644742736271,0.8265470290202355,2.6408440715119346,B
0.6477793190735821,0.8156084342458929,2.642742051386171,B
0.604138981191298,0.8036949692804162,2.695318453660599,B
0.6033959102238522,0.8101401316465717,2.6961626540448167,B
0.6016186958839703,0.621574754034415,2.6981751231420468,B
0.5961012598530498,0.6555505881746562,2.7043638976669864,B
0.5936148084055147,0.6396090847379592,2.7071239717998266,B
0.5913055669478119,0.8385098084788352,2.7096713953041895,B
0.5893514521231875,0.8914976008898936,2.7118151460642226,B
0.5891963667171503,0.7998315034621971,2.711984815604736,B
0.5882614470955905,0.7745097282574899,2.713006206574086,B
0.5847919120708746,0.6834912323296379,2.716775017843111,B
0.5834305237598402,0.7312017531959609,2.718244578841608,B
0.5829776489997094,0.9625297619621996,2.7187322867329136,B
0.575552940321079,0.7094756499782007,2.72664678249179,B
0.5743624419118089,0.6923362116296848,2.727901672355113,B
0.5689937948758862,0.8447465826809324,2.7335127231340826,B
0.5676113387324173,0.9846144052509853,2.734944969753869,B
0.5661998534462712,0.7076097562776587,2.7364019910224173,B
0.5640067375428836,0.8028590053721002,2.738655278927121,B
0.563448131321923,0.9871533270847381,2.7392271613578862,B
0.558296863641024,0.8928192511903121,2.7444618825457616,B
0.5539305394377387,0.5866223049776411,2.7488443274988223,B
0.5470700370175151,0.8487269892892022,2.755630257219347,B
0.5464360686623984,0.6442375180467657,2.7562512294305472,B
0.5436593983496446,0.6220315644741474,2.75895890791508,B
0.5424329521953569,0.9737839269547397,2.760148645136127,B
0.5418688334479426,0.6040985548004492,2.7606946008094004,B
0.5417610624766346,0.6524038505451135,2.7607988103438323,B
0.5346314732939292,0.6687326731075188,2.7676279708447646,B
0.5345568321881494,0.6799269695064873,2.76769879490839,B
0.5331729771294544,0.8633656885476304,2.7690093762587247,B
0.53219961940592,0.610760607898313,2.769928352894145,B
0.5287784255217011,0.9400688639351815,2.7731398578244573,B
0.5216904116964639,0.6910091874824897,2.7797023119749147,B
0.5192085472275261,0.7443088199250121,2.781971368671405,B
0.5178110358816134,0.8352018936875252,2.7832425316432676,B
0.5161839963079999,0.7796609228340265,2.784716577459745,B
0.5092313216338403,1.0029648298866465,2.7909445330458116,B
0.5089301316087707,0.6272171822441994,2.791211745828905,B
0.5084706408312984,0.6388028413247155,2.791618990522503,B
0.5065330703539227,1.0014025703748526,2.793330800466421,B
0.5053678185724536,0.8472737564993617,2.7943560475736455,B
0.5041487875736117,0.7947508334431055,2.795425219753394,B
0.5034089792322386,0.7771162470605171,2.796072393488805,B
0.5013128194110212,0.7294283585270198,2.7978991788509187,B
0.4995490292945721,0.9019625457220561,2.7994284229977477,B
0.49910161740064835,0.8519614459741207,2.7998151964387583,B
0.4952895230725304,0.7626248270362752,2.8030919571361097,B
0.4948841958914688,0.6507774738569596,2.803438404174867,B
0.4881619753406205,0.9328229458355903,2.8091295746109215,B
0.4873447608857071,0.707474236125893,2.809814467428047,B
0.4849911468995863,0.9720454770828213,2.811778590965451,B
0.4846548483138384,0.7538491146951636,2.812058221083673,B
0.47970717124978574,0.6320654118207825,2.8161429698805294,B
0.4791486630832574,0.895674930023255,2.8166006444618796,B
0.47638620904582624,0.9109000051522319,2.818854201426234,B
0.4761309668547854,0.909324963331149,2.8190615718776497,B
0.4738613813219224,0.9524926053313854,2.8208991749585883,B
0.471909520057661,0.9931910232813732,2.822470476410582,B
0.47078271934508353,0.9510011511239822,2.8233737832236243,B
0.4705962611029318,0.8407832773426348,2.8235229910473287,B
0.47030751652228564,0.7925170401548314,2.823753900761369,B
0.46833130109186794,0.8175403783454075,2.825329405445905,B
0.463638761455865,0.880655032594556,2.8290364827461514,B
0.46217961798962787,0.7696041342951571,2.8301794997701113,B
0.458665805309175,0.9858197995027007,2.832913267185901,B
0.45023004300133895,0.9404217828626324,2.839368897597961,B
0.38041521406828704,0.6071931087926074,2.8872237007912975,B
0.3795903026270463,0.6308228986800776,2.8877320363963976,B
0.3783781999129781,0.6111079074170231,2.888476632903443,B
0.35876202633445275,0.6233392981849748,2.900143588720776,B
0.3404900712598401,0.6191374804160902,2.910372167404868,B
0.32671439487602544,0.6275007961534202,2.917684673827993,B
0.32559791508236424,0.6371912719971177,2.918262491505553,B
0.3195472659147956,0.7043710550277387,2.921355506516351,B
0.31669010315937624,0.6201986500652401,2.9227935907087974,B
0.3083082891018099,0.6446180716135002,2.9269297451031036,B
0.30697077289946795,0.6122469973523323,2.9275784130188374,B
0.3017753339626274,0.6632311706798741,2.9300686024021454,B
0.2999366068506534,0.6423760503898548,2.9309387029882035,B
0.2994737921058587,0.6778035669784168,2.93115679002823,B
0.2989468775025538,0.6029278869228294,2.93140463181129,B
0.2919815934356439,0.7035611212772309,2.9346359069336234,B
0.29092252522729906,0.6280427149915263,2.935119921717201,B
0.28513750439014124,0.6916481319511655,2.937729932246618,B
0.2844344625375624,0.730623816485367,2.938043230286273,B
0.28343234492598074,0.724559546338335,2.938488351764435,B
0.28087845664722266,0.7153581382984127,2.9396150208756566,B
0.27833546226055816,0.6618445036375752,2.9407258877067672,B
0.277837072500614,0.604130428121163,2.940942317573694,B
0.27200336986683116,0.7748589426689686,2.9434444482755295,B
0.2693437626067999,0.6135406813719725,2.9445661492212207,B
0.26626437221489513,0.7561051196226365,2.9458500576478417,B
0.2658206473793903,0.5948455751956214,2.9460337522721605,B
0.26020230754007295,0.6083943156537096,2.9483311803898125,B
0.25453044912686096,0.6829931247129033,2.9505971403361366,B
0.25193948375256964,0.7378139391912356,2.951614486420069,B
0.25086756298332524,0.5911254727650478,2.952032127105429,B
0.24752726330989347,0.752162210546866,2.9533213929878714,B
0.24386250271941218,0.6487250638089898,2.9547147244311187,B
0.23757834501127398,0.7980520302500851,2.9570525702454367,B
0.23699149822786686,0.782312173790271,2.957267585921457,B
0.22388103568419204,0.6267842797831971,2.961924719056077,B
0.22252982168935515,0.8276733425911554,2.9623888253581994,B
0.21696045737143976,0.6372762643021304,2.9642705896994057,B
0.21543756703384706,0.8275193456289592,2.964776424270512,B
0.20710148539059287,0.7587497694849035,2.967479196849234,B
0.19356742129894633,0.7865632299830351,2.9716304631857384,B
0.19222262199131643,0.8136151930174629,2.9720270184640847,B
0.1893898219795191,0.7553378194882836,2.97285296771055,B
0.18552711945676326,0.6965253748232125,2.9739587164770493,B
0.17418285756733592,0.7514952549182934,2.977069987269315,B
0.1725083089902053,0.7910902711317708,2.9775120938560926,B
0.16703209145606843,0.8232229952448193,2.9789271891995144,B
0.16685276502099733,0.7555163601315935,2.9789727341336985,B
0.15994519832717047,0.7884465420005544,2.9806888432237155,B
0.15456547392450987,0.8026953004795394,2.9819738213303926,B
0.1542464379330501,0.8054616343401204,2.982048609818913,B
0.15024088925617204,0.7567543860822536,2.9829741296428294,B
0.1488275499127963,0.7502969032841779,2.9832947484807755,B
0.1465983467803505,0.8372012371923225,2.9837941503533614,B
0.13961289302517976,0.9182379884148436,2.985309240605324,B
0.1350670452544506,0.920955459487849,2.9862546921352418,B
0.13144225837338686,0.8300886603446456,2.986985742569791,B
0.12678770568709333,0.9332964694201996,2.9878948130815086,B
0.12613552405914563,0.875787400962023,2.9880195282768405,B
0.11832985368097568,0.8952778153316392,2.9894615144029864,B
0.11753456220942599,0.7899633952877962,2.9896031887868784,B
0.11155597249611776,0.8289934016651224,2.990637228252066,B
0.11090309528478591,0.7739188177881351,2.9907468372519093,B
0.10765063853644186,0.869108446629982,2.991283177351326,B
0.10091354658393707,0.9536345015512786,2.9923427978385755,B
0.09411055359471417,0.8022014653787521,2.9933426292481293,B
0.08993343103004843,0.7380025941481241,2.993921668114536,B
0.08856585236088456,0.8829655045740925,2.9941054855799427,B
0.08676500622041346,0.9495318293070277,2.994343208842947,B
0.07189478293873887,0.7415562165686371,2.996118332692615,B
0.05848100037662165,0.7456962052263192,2.997432782577781,B
0.05722875939457064,0.768545666318686,2.99754163730791,B
0.04533106783397854,0.9456396970704857,2.998458028157719,B
0.036661999576923794,0.9570723017205165,2.998991584372907,B
0.03501906334358003,0.7733204911127132,2.999079966748176,B
0.021541935994930133,0.8917475486246378,2.9996519183582495,B
0.019272589318222524,0.9117812266616871,2.9997213996030014,B
0.018003137170476757,0.9133006419438496,2.9997568955890976,B
0.012254524442963051,0.936087664166023,2.9998873657441827,B
7.636797553781524e-05,0.982464484593039,2.999999995625949,B
-0.004146904394930604,0.798130235907017,2.9999871023325047,B
-0.006811080677148139,0.7610152984833245,2.9999652064814772,B
-0.008574641418659662,1.002541053176091,2.999944855629772,B
-0.013756341608950966,0.960922775323331,2.999858065584027,B
-0.014635574840087035,0.9678564668299975,2.9998393413580917,B
-0.030438043297571573,0.7341374454647107,2.999304983124009,B
-0.03205149143009081,0.7327775308962393,2.9992293284446148,B
-0.03616883208509537,0.9373111494104984,2.9990185406016834,B
-0.05326318859028453,0.7761019347374492,2.9978707633396446,B
-0.053285661915351036,0.8664476315166338,2.9978689649054906,B
-0.05715064439106402,0.7575420692231505,2.997548349353968,B
-0.06620615757384701,0.733426389657678,2.9967089481837945,B
-0.07005638538918685,0.900836484090944,2.996314549634853,B
-0.07085494892075028,0.9575314573282165,2.99622994438697,B
-0.07954895016376061,0.9812619022111118,2.9952464412890767,B
-0.08048949027191124,0.8894771216332409,2.995133186174556,B
-0.08417189792304085,0.8461273825329376,2.99467687347469,B
-0.08696155341998149,0.8158476310697214,2.9943175025777697,B
-0.08907895117669487,0.8481050879257563,2.9940368522994456,B
-0.08961624263369637,0.7372713387477399,2.9939645545917384,B
-0.08963138523400983,0.9899760690512686,2.99396251065993,B
-0.09561524620186969,0.993783426530973,2.9931275499973036,B
-0.09717406695155441,0.7325072159929781,2.992901102418447,B
-0.0999786394315171,0.8193719514043327,2.9924843755393895,B
-0.10200298977132302,0.9164276541544161,2.992176138287585,B
-0.11286953179901878,0.767853181904436,2.990414725766224,B
-0.12307329291159477,0.7566315595728195,2.988596375881242,B
-0.12442066164514445,0.8636251252804659,2.9883443394089,B
-0.12883203732449633,0.9200552546427645,2.9874996433133503,B
-0.13702889845056482,0.7792527821474717,2.9858505753359608,B
-0.14076401790570953,0.7425839184818773,2.9850647646960864,B
-0.14220369711086472,0.9023308189497361,2.984756122798624,B
-0.14537838114659188,0.7724817820917493,2.9840641947584987,B
-0.148601972761483,0.904937265918026,2.9833456343029563,B
-0.14919761817969845,0.8612349996473279,2.9832110972957917,B
-0.15261490150672535,0.7588887002195908,2.982428600855943,B
-0.15450186369759072,0.6602163098069053,2.9819887454891267,B
-0.15555673348202972,0.763670077781283,2.981740439822002,B
-0.15939193069165206,0.8578484514905549,2.980823074498899,B
-0.1602546553641655,0.9060074966092502,2.9806135560053315,B
-0.1631806265761431,0.8862068002768737,2.979894316158417,B
-0.16593933461799593,0.8124513219913003,2.9792039442753344,B
-0.17013024232761637,0.8858844866078774,2.978132377851348,B
-0.17131733206140445,0.8980850115850956,2.9778238516158027,B
-0.1852191378959711,0.7450431342269198,2.9740458641621075,B
-0.19324360990136086,0.6011028826705256,2.971726211383304,B
-0.19690953897440688,0.7771181493582231,2.970632491578707,B
-0.19784205257429374,0.6134797556007516,2.9703508679987505,B
-0.1982562522283722,0.6034119360353469,2.9702253335859132,B
-0.19910960005333275,0.8660989006996365,2.9699658418224737,B
-0.20091115409327154,0.7317514778160188,2.9694142007487363,B
-0.20382312705712521,0.8312670037736901,2.9685115930671007,B
-0.2052730235586698,0.8214179762142142,2.968057123564316,B
-0.20856700409451231,0.5918641133964696,2.967012120197662,B
-0.21038667806224706,0.7845620019223085,2.966427377271492,B
-0.21797698240357766,0.665468469905218,2.963930865536354,B
-0.22353796120748812,0.5965217027175516,2.962042836162196,B
-0.22706702397760128,0.713838766244236,2.9608187002155333,B
-0.23219806578294486,0.6702618816979453,2.959002786513783,B
-0.23648919213016087,0.7839651496967235,2.9574511791180704,B
-0.2542197520452576,0.7740079382606866,2.9507197230194424,B
-0.2614775529877776,0.7221530189364083,2.947814335779256,B
-0.2638362381366765,0.691303102904478,2.9468512324192995,B
-0.2770409882664413,0.6299331362216785,2.9412871519394725,B
-0.28061221869066716,0.6825775572122079,2.9397318365318514,B
-0.2851420784782345,0.6491503193988939,2.9377278911297866,B
-0.28834218384770466,0.690153939836532,2.936291149551983,B
-0.28858054871744326,0.6357122777603613,2.936183432061992,B
-0.291877788895671,0.7152919376869117,2.9346834326031965,B
-0.3061724165404019,0.6135116051044098,2.9279641156335385,B
-0.4450658133732238,0.7828266928912174,2.843246793770404,B
-0.4475157325362712,0.677005087731146,2.8414140880235976,B
-0.44854920998037606,0.7550176959092311,2.840637204469746,B
-0.4488917959155471,0.6828302236227017,2.8403791814294035,B
-0.45042216283967695,0.6914543883188095,2.8392235508873647,B
-0.45420359593241044,0.674519776327736,2.8363468712294173,B
-0.45493949997431155,0.9155006749663775,2.8357835212215443,B
-0.45714185998559065,0.7879773966760821,2.8340906901931584,B
-0.45751262049304287,0.7801020317667162,2.8338046913628605,B
-0.4579369044537664,0.9567332688891153,2.8334770455330043,B
-0.45818214659552503,0.7592127942603661,2.8332874863350037,B
-0.464299907334921,0.9815130082390795,2.828517064666376,B
-0.465190311722387,0.5964747874845192,2.827816041938477,B
-0.4653638338404281,0.8612429994143744,2.8276792270141957,B
-0.4687212130078657,0.9976161599976421,2.8250192281895306,B
-0.47016328967863913,0.9534679829289199,2.823869171155806,B
-0.47125348199582145,0.8070340580458544,2.822996731039171,B
-0.474288573883957,0.7628560367470542,2.820554158123409,B
-0.47478153619411917,0.8714528799473886,2.820155524550268,B
-0.4754879377976352,0.8416651631526011,2.8195833612432915,B
-0.47558973554414835,0.9426112446578303,2.8195008176395175,B
-0.4763887019881443,0.7228613532540032,2.818852175336802,B
-0.4787001341087259,0.7855085999984778,2.816967694596055,B
-0.47876247844291997,0.6433855616102391,2.8169167022933466,B
-0.4806360202885512,0.5897206942410228,2.815380281896708,B
-0.4835736786680903,0.9174268241312447,2.8129554900771288,B
-0.48409932133592676,0.869309015240588,2.8125195830671306,B
-0.48560915712533237,0.7608522130325887,2.8112640579460164,B
-0.48840359024034063,0.6002329092980985,2.8089267929646704,B
-0.49055489022639015,0.6518939412880677,2.807115440299246,B
-0.4969721795455523,0.7896204155923173,2.8016497104462945,B
-0.49884027891962035,0.9317001102724971,2.8000409017744943,B
-0.5002050416223097,0.7912888855118979,2.7988604858702697,B
-0.5017944223026387,0.9388370646555136,2.7974803678393023,B
-0.5025030802946513,0.8732981198911708,2.796863127767295,B
-0.5028680605044168,0.6482508827609789,2.7965447758871207,B
-0.5046348961247225,0.6363558679429101,2.794999285185007,B
-0.5056286661412829,0.9679588935264078,2.7941268164080446,B
-0.5057056647906802,0.8795462119844288,2.794059120112712,B
-0.5069748060349352,0.8877118614949888,2.7929413090326802,B
-0.5074693148670468,0.6948662182257119,2.792504743725853,B
-0.5089766991349428,0.7102628816115968,2.7911704455298763,B
-0.5096088985743165,0.7590670386177549,2.790609249002661,B
-0.5098768708881811,0.6326613629041888,2.7903710889507227,B
-0.5106265613922983,1.0053809640665388,2.7897039033443,B
-0.5109277601001312,0.6516689268298179,2.7894354787688647,B
-0.5135917562334634,0.8285070201832543,2.7870520163693113,B
-0.5156464312767564,0.789141019877313,2.785202204052334,B
-0.516765135369773,0.6347592592901323,2.7841908107633717,B
-0.5187058458467149,0.7146554795156874,2.7824291607492397,B
-0.5198739032749342,0.6982304586595491,2.7813645190033904,B
-0.5222857900055402,0.8678780228894246,2.779155774527149,B
-0.5238299226609952,0.6569966218433312,2.777734314042319,B
-0.5238613468130886,0.9155907999660804,2.7777053263406035,B
-0.523962920346319,0.978021923008697,2.7776116118483944,B
-0.5252087900628364,0.6366508332863685,2.7764600994122945,B
-0.526765045158682,0.818232222085443,2.7750164003642013,B
-0.5287787257771139,0.8161629359092029,2.7731395772351304,B
-0.5320239750996506,0.6381546579246251,2.7700939344466313,B
-0.5328692137586176,0.8783877378306815,2.7692964201925463,B
-0.534905022229281,0.752847270603997,2.767368292441569,B
-0.5377505783044618,0.9340317205448223,2.7646559650552156,B
-0.539332383595088,0.7755725320351998,2.7631394638014806,B
-0.5409060011322232,0.9490726864514875,2.76162457583985,B
-0.5453762346442684,0.7134825463873757,2.7572870460009478,B
-0.5459102852853421,0.8444722567728986,2.756765455820724,B
-0.5461769772086658,0.968300986320223,2.7565047140883356,B
-0.5468305819160083,0.6659829404531625,2.7558649242785425,B
-0.5470581904935226,0.7028354918867019,2.755641870312309,B
-0.5487403710551195,0.9614911741892338,2.7539892390455956,B
-0.5488035203594305,0.7765674650770671,2.7539270577240393,B
-0.5497655341676102,0.9349716506385862,2.7529785230574206,B
-0.5505662867638662,0.8499700775312505,2.7521871739991024,B
-0.5518937628217826,0.6637369705020562,2.750871643197827,B
-0.5522257205202443,1.001390078345377,2.750541960747727,B
-0.5535649667818194,0.9872961123200501,2.7492089945207914,B
-0.5548717774343392,0.6660971060913778,2.7479038219612235,B
-0.5553212287443978,0.6140802552246738,2.7474539065785466,B
-0.5567172610778118,0.6009825026595476,2.7460530707961617,B
-0.5591366378752038,0.6510290492608128,2.7436132821008425,B
-0.5591901071939955,0.7016643974790522,2.743559187990997,B
-0.5628743304736596,0.99347060809608,2.7398137352889407,B
-0.563008645721577,0.9802333980873713,2.7396765085683445,B
-0.5639995406523328,0.6630414126456357,2.738662652147026,B
-0.564296683187113,0.8972908177768403,2.7383581146114606,B
-0.5644923392221005,0.8009348204024008,2.7381574607694343,B
-0.5681335105185874,0.5861255215636398,2.7344045961548056,B
-0.5682451870756888,0.692488771142123,2.7342889315601755,B
-0.5780763443726079,0.9863323137500082,2.723974025530283,B
-0.5870807311244798,1.004118096380465,2.714292585858235,B
-0.5873805128361816,1.0042304327972853,2.713966350260865,B
-0.5936110718857082,0.8202030388717683,2.7071281060861256,B
-0.5955451176500943,0.9456240426286777,2.7049827919505964,B
-0.6211092975612205,0.972165881686458,2.675585935219866,B
-0.6295190422106908,0.7658711361893398,2.6654775823077004,B
-0.6339119164657403,0.9928765952368894,2.660107876391738,B
-0.6363428663959211,0.9726968353503556,2.657109524578724,B
-0.6378025049063789,0.7915161993325425,2.655299926709114,B
-0.641824814355048,1.001852269102289,2.6502769415561382,B
-0.6497947805609213,0.7808157559572877,2.6401645372929794,B
-0.6548425470912178,0.7834342099667579,2.6336479994548325,B
-0.6611292960444501,0.7888394528684997,2.625407979935047,B
-0.663569609207282,0.9949209552867273,2.6221718187992042,B
-0.6656495874623879,0.8073791195171485,2.619396672364222,B
-0.6808474382429385,0.8269760859942212,2.5986378944563873,B
-0.6940556590123529,0.8323647507381133,2.5798820166731593,B
-0.699427779872987,0.963314455504046,2.572054922412735,B
-0.7020773137705746,0.8315460612426148,2.568151090599809,B
-0.7054925563229023,0.8259950691612773,2.563075994080008,B
-0.717162142054798,0.9521162116560443,2.5453595264346096,B
-0.7213041065355331,0.9717261689857926,2.538927749299101,B
-0.7238257185756105,0.9799353671392252,2.534974270472038,B
-0.7318802809335362,0.9590081452521088,2.5221498531802755,B
-0.7362050958832611,0.9308289878923216,2.5151377383340234,B
-0.7373714819174383,0.8186662281084158,2.513231177828378,B
-0.7395447454514322,0.8021991994217887,2.5096610972594453,B
-0.7400518507561391,0.9020643171647407,2.5088247275582267,B
-0.7406444876024215,0.7863820808066051,2.507845683482511,B
-0.7437303855421948,0.9622312062083822,2.502719554834666,B
-0.7456889577060106,0.9196613939333846,2.4994413195878376,B
-0.7489964975018626,0.9615090859810519,2.4938609335024546,B
-0.7518705324703604,0.959079632181147,2.4889661674729613,B
-0.7549943827824865,0.8410467261963991,2.483596886140612,B
-0.755176063425688,0.9614482921481367,2.4832830237347654,B
-0.7636418035959295,0.9286821000700444,2.4684602162978613,B
-0.7660981276941724,0.8134499634316187,2.4640854382122144,B
-0.7689173436427352,0.9484587458903693,2.45902229742178,B
-0.7771982385361925,0.910121535488296,2.4438837431254656,B
-0.7811841990566671,0.8533821087670744,2.436450909591333,B
-0.7837432587353622,0.9513419982204222,2.4316274120432855,B
-0.7842224787930177,0.9016112502003495,2.430719605171398,B
-0.7886538405310426,0.9925008894437836,2.4222562114646795,B
-0.7987033233568692,0.8481641002726774,2.4025875319502576,B
-0.7992840418928338,0.9387898735713546,2.4014301391925903,B
-0.7997548914823912,0.8248028441643078,2.4004900085439447,B
-0.8001977269072142,0.9319959362335609,2.3996044103761314,B
-0.8019835182193513,0.8985189556719184,2.3960192420563025,B
-0.8043484634519508,0.8664869940990105,2.39123677326544,B
-0.8086911383099726,0.9422739067655327,2.382350240178225,B
-0.8142806966290972,0.9395483129643867,2.3707069719307245,B
-0.8167593870181111,0.9500078727638841,2.3654676385429143,B
-0.8202278396646931,0.9579380986536385,2.358055449745369,B
-0.8203624100267355,0.9341417885102828,2.3577659421334207,B
-0.8284545296069932,0.9270562870154355,2.3400844944651253,B
-0.8775068296673165,0.7383242749312002,2.2193462092388017,B
-0.8777325331395512,0.6422635311932257,2.218726373944883,B
-0.8835230745040521,0.6746669123485547,2.2025814528170677,B
-0.8849811094210076,0.6708038107572535,2.1984403918216042,B
-0.8858008799877275,0.856980023149654,2.1960982705618344,B
-0.888537447877245,0.7704500758929764,2.188206152522289,B
-0.8888485487550387,0.8699517303047143,2.1873016652796196,B
-0.8891792114965388,0.7457509210765285,2.1863386497534476,B
-0.8900124880322909,0.9237751470783246,2.1839042221537937,B
-0.8919800598869779,0.9231011320638598,2.1781121136796275,B
-0.8925948206355677,0.7618413142969165,2.1762895784298,B
-0.8947720015281841,0.7587612936885886,2.1697849631656463,B
-0.8955482875204345,0.8653832078994652,2.167446511428623,B
-0.8959013382761312,0.8248153817343157,2.1663796081580178,B
-0.8972765652930148,0.8394604969623268,2.1622033087322445,B
-0.897688393266715,0.6080274204382823,2.160946279463772,B
-0.8994025092994307,0.7925984751022299,2.155682113602504,B
-0.8999670757979407,0.6198765048499145,2.153936801670722,B
-0.9034409944227623,0.7794175137045112,2.1430686834171944,B
-0.9043586431453577,0.9737309472463092,2.1401599411698977,B
-0.9051864045207396,0.7061991224037121,2.137522187385926,B
-0.908213452070366,0.7416483012434825,2.127760887859753,B
-0.9082585220663723,0.7349477644906948,2.127614155720751,B
-0.9084086646139048,0.7422586017298123,2.1271250438488005,B
-0.9092386599888771,0.5905228289859192,2.1244128307127186,B
-0.9092436619576921,0.6435719909581735,2.1243964423160766,B
-0.9115198150485814,0.774424948796511,2.116884235688553,B
-0.9118094727379067,0.8531536537843158,2.11592032131372,B
-0.9137153190654315,0.9092659586726515,2.1095323702122823,B
-0.9153691419128854,0.8215735622688538,2.10392342360249,B
-0.9160311552129522,0.8832373398724398,2.1016606818035015,B
-0.9161420997952721,0.8608671090500968,2.101280482978699,B
-0.9163551283397657,0.9758621866640191,2.1005496459262765,B
-0.9170962505500878,0.649737329020796,2.0979987886782743,B
-0.919761087778316,0.8740780531995331,2.0887180718900265,B
-0.92231042800893,0.8162701739129303,2.0796747513636116,B
-0.9227152635983614,0.9923651108610877,2.0782233307519373,B
-0.9245855940425046,0.7229923765993006,2.0714615721117253,B
-0.9253533754026645,0.7569370243975464,2.068658547741538,B
-0.9266609579393161,0.734466114048049,2.0638473244768702,B
-0.9277394482980366,0.6412296811354019,2.0598427557459535,B
-0.9280927850932648,0.9042671201795263,2.058523508977116,B
-0.9326432308963489,0.7237131666267488,2.0411999248819646,B
-0.9333094707285815,0.6303489492021901,2.0386095261492816,B
-0.9333859044394628,0.8373894468728991,2.038311429505155,B
-0.9337837513638617,0.6353787403186183,2.0367567305585235,B
-0.9338343198162979,0.6642874643691286,2.0365587498585525,B
-0.935828775684302,0.7531921436784373,2.0286824480278742,B
-0.9363258596227906,0.669501038580957,2.026698433976877,B
-0.9387807361593763,0.9465212902567968,2.0167728139000096,B
-0.9393863476636173,0.8918976809234669,2.0142906786071686,B
-0.9395292173940877,0.9016239980898235,2.013703135810382,B
-0.9396089931108107,0.8228826225820327,2.0133747316988817,B
-0.9404292215687867,0.7220162274529854,2.0099842921541144,B
-0.9468715361511112,0.9847996048545028,1.9824180361060089,B
-0.9487552995339161,0.9818647712612079,1.9740175193114653,B
-0.9488286553157906,0.9577889214961284,1.973687039527328,B
-0.9504049738195349,1.0017128578582981,1.9665226338699444,B
-0.955698140649239,0.7757255434258159,1.9415228124446933,B
-0.9573870014815309,0.9958347535163858,1.9332121779647442,B
-0.9574155029889784,0.7662785474456969,1.933070430682832,B
-0.9588248859535148,0.8139889232048515,1.925996931528287,B
-0.9620661077727404,0.9670752567221145,1.9092246444421113,B
-0.9638147982395903,0.8280272584434768,1.8998591352743492,B
-0.963931040409237,0.7690259301749142,1.899228175364694,B
-0.964879416170325,0.9678278637669959,1.894039785509444,B
-0.9653044446046073,0.961679197577969,1.89169055485144,B
-0.9659128631598491,0.9874256751392361,1.888301128971151,B
-0.9675050281256105,0.9783960089156554,1.8792776637784498,B
-0.9680188616595917,0.9667170389698252,1.8763161407784068,B
-0.9692379311870171,0.9623554433476498,1.869188466347068,B
-0.9721617762673105,0.9613374972558106,1.8514659751964226,B
-0.9724342180276532,0.9510757624600791,1.8497660734264116,B
-0.9730993083134145,0.8082290508745036,1.8455790884296925,B
-0.9732805073669362,1.0019006031836137,1.844429051408281,B
-0.973700759294103,0.9420817967256379,1.841746061480884,B
-0.9742798661517014,0.8033137096466973,1.838012086212463,B
-0.9750487796868701,0.8210666302496195,1.8329860714355437,B
-0.9785766277024123,0.7744739832736769,1.8088244053791613,B
-0.9788998459146477,0.8049313542824379,1.8065109398596197,B
-0.9794909705473609,0.9874611592590927,1.8022320910929635,B
-0.9802510298866655,0.7802711048501395,1.7966358313046422,B
-0.9840044683668736,0.7656901970196619,1.7672156695004233,B
-0.9840737208092448,0.9743714169267585,1.766641242174685,B
-0.9843760821083233,0.9659348691714202,1.7641181368051084,B
-0.9850111184439753,0.9716564826210069,1.7587362889486802,B
-0.9852239267900081,0.7791791497763345,1.7569067567836096,B
-0.9863911294361722,0.7772774135146647,1.7466236292038393,B
-0.9864052139707852,0.7937851481198505,1.7464968481853496,B
-0.9875880750065174,0.9739834868653225,1.7355993139550145,B
-0.9892179806861449,0.9393514821315958,1.7196759432579234,B
-0.989280677404873,0.7978076497575248,1.7190397634107792,B
-0.9895217598240381,0.9886702824323212,1.7165757266596655,B
-0.9901652166605588,0.7614899946768464,1.7098544694782187,B
-0.9905018759356414,0.7722260308945352,1.7062488205492192,B
-0.9912826614055259,0.8472274709402956,1.697628544731649,B
-0.9931741708029248,0.9161720341169208,1.674961137148586,B
-0.9934257533002132,0.9393672341445494,1.6717173943716355,B
-0.9938582502793893,0.8664196209557005,1.665990967498473,B
-0.9938938162885771,0.8559968684711836,1.6655111306604125,B
-0.9943607235357287,0.8156436838779835,1.6590760536704994,B
-0.994367632187604,0.7808551603048214,1.658978857492561,B
-0.9948547270592796,0.9700091297398576,1.6519676350660364,B
-0.9952087380264243,0.8379795178950142,1.646659563106764,B
-0.9956602930673207,0.8694163488424258,1.6395933623796932,B
-0.9959629913418878,0.7786375955095923,1.634647204664513,B
-0.9961600071523894,0.9653665427947875,1.6313270358221832,B
-0.9967121859462401,0.9585261433901442,1.6215353502858425,B
-0.9969454918067844,0.9486533744104355,1.6171507333472137,B
-0.9971841367260851,0.7892141395337195,1.6124879739757458,B
-0.9974285287394417,0.9413371201260952,1.6075022912663448,B
-0.9976029128061973,0.8280064198279764,1.60379770619493,B
-0.9978815873180236,0.873217204222113,1.5975846289445148,B
-0.9979698081447372,0.9301988967023052,1.595533185705293,B
-0.998065274487919,0.8366177106643439,1.593262225407978,B
-0.9986507035717093,0.8264162907609045,1.577895683933017,B
-0.9988005107011912,0.9642355324131475,1.5734470190126104,B
-0.9988681013108439,0.8507468194438059,1.5713488711421346,B
-0.9988732689694749,0.854002802664141,1.5711859059858664,B
-0.9989821923346944,0.8184251839739024,1.5676594682648113,B
-0.9990662836563187,0.8468859584001953,1.5648055702667028,B
-0.9991316132201506,0.8820715775184567,1.5624983503320176,B
-0.9991420244601489,0.8904102390737512,1.5621227305804335,B
-0.9991520962957725,0.9203971031541172,1.561757178145276,B
-0.999374929448172,0.9427558501253517,1.553027713306701,B
-0.999447255393423,0.9842634464496254,1.549866454603733,B
-0.9994550986135647,0.9104596744113982,1.5495114953777072,B
-0.9995423958417643,0.8496999089694515,1.5453734234826715,B
-0.9997125494542203,0.8172527320334914,1.5359630580376886,B
-0.9997578690084943,0.9558022152124206,1.5330069318490438,B
-0.9998150660864098,0.959402622769674,1.5288465883582973,B
-0.9998511595113724,0.8237160228621767,1.5258791876508817,B
-0.9999656444770684,0.8991458130414325,1.5124337121372933,B
-0.999986471136631,0.9136809333199454,1.5078025299321909,B
-0.999999200510229,0.9141923790161466,1.4981032389366782,B
-0.9999924715452703,0.8455533291272874,1.4941795258991115,B
-0.9997476745557994,0.9290849540497529,1.4663054715775563,B
-0.9997412897189387,0.9088452227692245,1.465881886482335,B
-0.997809056629161,0.9727463963208063,1.400760669868979,B
-0.996750254932068,0.9803477290216531,1.3791691640808137,B
-0.9966017074329485,0.970593310573574,1.3764429983007984,B
-0.9960235785317448,0.9634172452606724,1.3663649755122604,B
-0.99519920723841,0.9568092496102146,1.3531949922445068,B
-0.9939692632585524,0.9412581948275551,1.335511449277423,B
-0.9931454795132039,0.9936510175516021,1.3246727996698777,B
-0.992820136889402,0.9260313764821007,1.3205748191569937,B
-0.9926571939460067,0.9822720935836917,1.318557682881611,B
-0.9892161932969976,0.9111431413817263,1.2803059478098155,B
-0.9879685220422487,0.8956865657663238,1.268017352436172,B
-0.9862977464515308,0.9783363893182087,1.2525374785438776,B
-0.9851663398250379,0.9048332034869455,1.2425968405974577,B
-0.9848675973316501,1.0002963863191565,1.240037338481252,B
-0.9838858857953761,0.9671178728652279,1.2318036756432733,B
-0.9819831237717734,0.8987634528158668,1.216547049033323,B
-0.9809909947788286,0.8481845491111624,1.208920108275409,B
-0.9807993989639318,0.8591587646056635,1.2074710053140403,B
-0.9789109518794473,0.8686947060525736,1.1935688761669807,B
-0.978621799122759,0.8582203166796004,1.191497824750129,B
-0.9773201620991159,0.8826657414607848,1.182349363769321,B
-0.9742714910345248,0.9219699487243558,1.1619336027433833,B
-0.974214675531185,0.8166919982237528,1.1615654074207944,B
-0.9740995188576279,0.8952642733753338,1.1608204213650088,B
-0.9727726165911157,0.9267708603018208,1.1523576091389789,B
-0.9718468907990409,0.8708505353861814,1.1465800700306592,B
-0.9714013844860446,0.8132934673291105,1.143834956808167,B
-0.9711633761387702,0.8693045537249716,1.1423775483765357,B
-0.9706865537269146,0.594867841967366,1.139476585460843,B
-0.9705141428578576,0.9237532731966482,1.1384337243962381,B
-0.9704073482612511,0.7999902641294045,1.1377893548067979,B
-0.970311641116532,0.9127366298454253,1.1372129164290432,B
-0.967676149522288,0.617937142551153,1.121705859544631,B
-0.9676122449290774,0.6335278090511017,1.121338247518382,B
-0.9671192616962762,0.8182113491072964,1.1185150714299295,B
-0.9666480196251271,0.5967870273558842,1.1158371258849387,B
-0.966014462030874,0.9065422124418071,1.1122679622713614,B
-0.9642982186375987,0.9076068801566155,1.1027719452911258,B
-0.9638040654535002,0.8930775259800656,1.1000826614355956,B
-0.9629490789027969,0.7377169834836839,1.0954750801982973,B
-0.9623783187612678,0.7493432339023853,1.0924304524979442,B
-0.9621161209890947,0.8763371832475773,1.0910399996344144,B
-0.9621158457164317,0.7420024233410151,1.0910385425274778,B
-0.9620855711684243,0.6740246130594632,1.0908783238003208,B
-0.9618027382323996,0.6971763089062513,1.0893847803119314,B
-0.9601237347615298,0.7900340383895268,1.0806368740792343,B
-0.9595086529676812,0.6964976171927293,1.0774812714442965,B
-0.9581301602680133,0.7878756972457324,1.070500476175142,B
-0.957855851246285,0.8893580121078951,1.0691260294183191,B
-0.9573386431957263,0.9024536037350046,1.0665474362177871,B
-0.9571745643540023,0.7616367572828532,1.0657328932029464,B
-0.9566653568941764,0.6835911010203695,1.0632155696837278,B
-0.956570871016607,0.9091340108348052,1.0627502091187553,B
-0.9562093774363756,0.597962002794576,1.0609747619655985,B
-0.9558166888486043,0.7937446514334936,1.0590549592448018,B
-0.9554023663738359,0.7353042813084424,1.057039261066663,B
-0.9546680268471229,0.7922100859106305,1.0534911460445637,B
-0.9542216791497383,0.6141181077255276,1.051349556066785,B
-0.9539933792374439,0.7531074109797353,1.0502584933152979,B
-0.9532668103554908,0.7213011879543385,1.0468053689439771,B
-0.9497490026516868,0.6792372079264901,1.0304812336926417,B
-0.9490059987279175,0.7985215919319433,1.0271129814094462,B
-0.9479920437582691,0.6336686850463187,1.0225589657509577,B
-0.9479428465566906,0.8778913132647698,1.0223392320490445,B
-0.9479140652584793,0.7847340947161675,1.022210735792889,B
-0.9477213240356656,0.7519134669385941,1.0213512175632418,B
-0.9467825236937755,0.650676603311059,1.017189044383723,B
-0.9466672409529648,0.640762184509514,1.0166806919441067,B
-0.944420679899901,0.7384882200017728,1.0068909313355006,B
-0.9442628313016854,0.7522744420307994,1.0062112423315202,B
-0.9440407779047928,0.6602226708361987,1.0052568628883711,B
-0.9434694726760965,0.7981702278979734,1.0028108541121912,B
-0.943398157384522,0.7249414274494879,1.0025064699437292,B
-0.9428472214587992,0.7905114368723005,1.0001620130265212,B
-0.9426445839903417,0.8232626333902107,0.9993028124547032,B
-0.9420757058449355,0.7310622118818673,0.9968995428070803,B
-0.9409260027229639,0.7134764766774551,0.9920816215674844,B
-0.9381820770036297,0.7633358333865838,0.9807867698376709,B
-0.9373513401748103,0.6094122008393799,0.9774217317826007,B
-0.9370054960113642,0.7105366984360507,0.9760280770879808,B
-0.936564827149995,0.702153066674408,0.9742583997557595,B
-0.9352936966052765,0.8033307223195089,0.9691913457247674,B
-0.9342322486390162,0.6991791289016385,0.9650021143906299,B
-0.931927058875178,0.6672438863969385,0.9560313399591974,B
-0.9313280158131777,0.7571092130705275,0.9537278282180655,B
-0.9289595131976732,0.6456411154814853,0.9447279933321242,B
-0.9268737140700118,0.8215285845437161,0.9369400423812405,B
-0.9268053028819324,0.6093813996417414,0.936686726823039,B
-0.926612398095504,0.692709722343028,0.9359731448633644,B
-0.9245559405995036,0.7187728164445965,0.9284304910337888,B
-0.9240590338424409,0.7588009477930326,0.9266253149624645,B
-0.9235502728881275,0.8440331336860941,0.9247839447141653,B
-0.9217780375286435,0.6010489218648793,0.9184229961199066,B
-0.921316998395026,0.7931919177056231,0.9167815811774681,B
-0.9192533702686494,0.7313976570743415,0.9095003871196095,B
-0.916911140156684,0.8091515332319041,0.9013628708664301,B
-0.9108115592375369,0.9119823467948065,0.8807664551977213,B
-0.9079324391582317,0.8994602161034494,0.8713251688436912,B
-0.9049312284479812,0.7784718802849181,0.8616632460024239,B
-0.9030001356595887,0.7743496469037437,0.8555396065333263,B
-0.9029474965921988,0.8091397718643545,0.8553736808078398,B
-0.9020605039883969,0.805812269092333,0.8525855994230211,B
-0.899503057784793,0.7761915140764368,0.8446283036851785,B
-0.8963308691380948,0.8851746335167062,0.8349212908851825,B
-0.8888733227449771,0.8926975123585223,0.8127704268203504,B
-0.8839537924182996,0.8513060513031279,0.798638603175269,B
-0.8803758451838869,0.8945903995386923,0.7885849767978591,B
-0.8757865959206086,0.894491407505793,0.7759522554326728,B
-0.8750553254294857,0.9424398427223291,0.7739656349494412,B
-0.8739477542299542,0.9529850200624815,0.7709701813561093,B
-0.8714677666777485,0.991786349597907,0.7643208265868751,B
-0.8688086486724542,0.9730245673563503,0.7572780150137779,B
-0.8678660128324653,0.9438284581329204,0.7548025003509957,B
-0.8660549961019741,0.8636887066834645,0.7500768883509981,B
-0.8658136084148097,0.8896589326682469,0.7494500084348914,B
-0.8656569472989643,0.9954370811509494,0.7490435354933442,B
-0.8633718353948384,0.8476106872201579,0.7431476919797145,B
-0.8549032851165056,0.9561448522473098,0.7218188903164859,B
-0.8531180027746701,0.9076342778108075,0.7174229973868671,B
-0.8519356185689364,0.9216504822526429,0.7145301857610833,B
-0.8496279082698184,0.9025050326453907,0.7089260847743939,B
-0.8486884115607531,0.9936236191217378,0.706660252359941,B
-0.8273841416732106,0.9143528008476962,0.6575453515219407,B
-0.8237496557497626,0.951055460120413,0.6495694411256541,B
-0.7891354035315709,0.9922864862192624,0.5786710910269904,B
-0.7849226637179934,0.9770041587003082,0.5706093787006659,B
-0.7714982432588878,0.9881665177315568,0.5456528218415416,B
-0.5440957380322032,0.5836845144225453,0.2414652914304739,O
-0.5371903620593171,0.6058306759854071,0.23480844985875582,O
-0.5243174630140183,0.6148919000266087,0.22271569513607392,O
-0.5240852824622269,0.940175725577767,0.22250131601257706,O
-0.5218245499261422,0.9469613296379831,0.22042074768213255,O
-0.5215450498345454,0.58308952181482,0.2201643807760179,O
-0.517701883449634,0.6070588114937552,0.21665838152361844,O
-0.5156248256900581,0.9360426557592206,0.2147782922595733,O
-0.5143476848920809,0.5825897705758304,0.21362737402654114,O
-0.5130972557697717,0.5902208258829393,0.21250428592036036,O
-0.5127318387824196,0.5822715015685187,0.2121767829502772,O
-0.5115829510421183,0.617673041228662,0.21114915934510303,O
-0.5073454407215637,0.9653281844811262,0.20738584314465863,O
-0.5009676536268164,0.6301921184934272,0.2018009888525586,O
-0.49782836065375247,0.6165427047100571,0.19908663720838266,O
-0.49118597079557647,0.6407717436125577,0.19341790548369442,O
-0.48952223544531187,0.6574991634215307,0.19201377787822033,O
-0.48489827577038197,0.9424191885978204,0.18814416194135541,O
-0.4826198049397009,0.6273645544359283,0.18625505567864453,O
-0.4823546437298372,0.6179395198436983,0.18603596138912953,O
-0.4819950693959482,0.694884906591754,0.18573910716879016,O
-0.4807541310212799,0.9354389209458962,0.18471683756369728,O
-0.4765405987788485,0.6348887141487438,0.1812713016469737,O
-0.4704400575026026,0.6179198229183955,0.1763520699717266,O
-0.4699271276368889,0.6085716362714215,0.1759421790950283,O
-0.46762457094424326,0.9506826293175032,0.17410922906118392,O
-0.46488691764279516,0.6430877126272222,0.17194490096972737,O
-0.45552943945689833,0.9666347544447249,0.1646689204458734,O
-0.45330581555311944,0.6900993584369264,0.16296741454522773,O
-0.44403235470195096,0.6952410657008585,0.15598387176710493,O
-0.44343975493115734,0.9952355176930652,0.15554372944679268,O
-0.44340530266174005,0.9753016385972301,0.15551816318115913,O
-0.4388045807381368,0.9674733930797127,0.1521262244456038,O
-0.4385741297232809,0.996989120308648,0.15195747520365666,O
-0.4350220632499824,0.6152245798329596,0.14937030978402943,O
-0.4257974631167998,0.9925125910762955,0.14277224796004867,O
-0.4247077237148749,0.7139745822908206,0.14200422085041386,O
-0.4215688798367228,0.9473403301387808,0.1398054260530503,O
-0.4196768482155758,0.9994579846924384,0.13848961740586013,O
-0.4185425227194068,0.9665942434227985,0.13770419786293525,O
-0.4157571734686496,0.6776515181058437,0.13578651282284326,O
-0.4151947833295862,0.6904820850860975,0.13540119201071754,O
-0.41386833052159194,0.6141174782868606,0.13449486957010726,O
-0.4069430335813762,0.7356155417052079,0.12981969190399228,O
-0.40505295053151846,0.5882022436541627,0.12856015759062528,O
-0.3964704864621071,0.7565587397087283,0.12292879811168611,O
-0.3924425431967664,0.7216977162411975,0.12033521710858258,O
-0.3782609123699402,0.9901791663946956,0.11145146469797962,O
-0.37820557431760427,1.0107569417504654,0.1114175490814544,O
-0.3774343397888283,0.6242414196092366,0.11094547692202328,O
-0.376524324328335,0.6048159497757342,0.11038990192376114,O
-0.3750358362645338,0.7110946862317615,0.10948452960275767,O
-0.3718953842965519,0.9727250128051916,0.10758802717637844,O
-0.3714181415444326,0.674398359011606,0.10730144349314419,O
-0.371107982206199,0.6452140981452394,0.10711542205701846,O
-0.3692001291581935,0.6715101381156274,0.1059751274039119,O
-0.3687379802684776,0.6273041765140861,0.10569993211937023,O
-0.36617672499604514,0.6395975352024338,0.10418200912148506,O
-0.36309367741489273,0.6726682829674797,0.10237104058409258,O
-0.3290534395031211,0.7827412115457674,0.08353304790047317,O
-0.3233159248706442,0.7156157573388202,0.08056337632448701,O
-0.32156816907374475,0.9430820805383732,0.07967035395413968,O
-0.31102354917566033,0.9956501041825501,0.07439669203494942,O
-0.3097023220377066,0.8006299808906792,0.07374964982299881,O
-0.30764940450527956,0.7421915324128101,0.07275032009392951,O
-0.30561236009371157,0.7024514213999375,0.07176597083832542,O
-0.3042029010721415,0.7307180441712133,0.07108910750060804,O
-0.3031345056577887,0.6208890870788832,0.07057832994279889,O
-0.3001074311995788,0.5984893750053708,0.06914188617030309,O
-0.29584931987866625,0.7079060486329415,0.06714806946548252,O
-0.2939194707380984,0.99789438648369,0.06625472080207662,O
-0.29043643853185624,0.631872079941108,0.0646585705348377,O
-0.28634383592468565,0.5913566041939515,0.06280960998103752,O
-0.28537507279042257,0.7770688266170875,0.062376126166100665,O
-0.28123801661131065,0.7954531998737375,0.06054293203020239,O
-0.2805824413060333,0.6131012566471445,0.06025510569782555,O
-0.2791133139837919,0.9760865765007005,0.05961274116881443,O
-0.2748455971796565,0.5926963614172549,0.057767435588262805,O
-0.27394142373662894,0.8334521358074547,0.05738043240340579,O
-0.2730197114820537,0.8362118234634806,0.05698734116083498,O
-0.2689263212845385,0.6036277413854731,0.05525887236819421,O
-0.26868897582982215,0.7658556130927554,0.055159514997616566,O
-0.2680167718864725,0.9553534761821149,0.054878630539289985,O
-0.2673616225827964,0.8561674570033678,0.054605601840016005,O
-0.26724458360770986,0.6547310239615606,0.0545569024697759,O
-0.26401336561032546,0.8180442782004624,0.053221467793707344,O
-0.2602433642604179,0.741188611711906,0.05168541726721415,O
-0.25178004411807287,0.6060301542942204,0.04832327251767998,O
-0.2514947035036496,0.6197917182041965,0.048211988013874774,O
-0.2508816770527823,0.7666407322085971,0.04797335965617944,O
-0.24793585376394714,0.5852939508748536,0.04683532318554107,O
-0.23784990558612992,0.8302934431742004,0.04304711797927202,O
-0.23571350081250347,1.013722299624138,0.04226611569425809,O
-0.2323019236718774,0.5975329829488636,0.041034412132596954,O
-0.23226779215015642,0.8181478041103583,0.041022185349685825,O
-0.23105359061904707,0.9313928512176468,0.0405884623967086,O
-0.22929024458984132,0.8023571762846924,0.039962855470504044,O
-0.2287618119113831,0.7750145889080131,0.03977636124640238,O
-0.22799541625785416,0.6359242609112252,0.0395066919454346,O
-0.22794862289056453,0.9142002046597093,0.03949025782942339,O
-0.22516803650549339,0.9016941148954032,0.03852008241420335,O
-0.2233121338651171,0.7605653054050645,0.037879517804921825,O
-0.22314027417103774,0.6077957138629946,0.03782048277358674,O
-0.22287411263292187,0.8385163388952627,0.037729148784091615,O
-0.22142259347934642,0.9181189773057887,0.03723307428422479,O
-0.2171997074846401,0.6550838372334999,0.03580921806469495,O
-0.21180514920474713,1.0083512247009077,0.03403212783045678,O
-0.21168855752336174,0.9305142919758239,0.033994236750490625,O
-0.21115303511165734,0.927877723608173,0.033820478090403006,O
-0.21095083981291923,0.6243255465484716,0.03375499245180574,O
-0.2094601596627278,0.8004253969638162,0.03327422692357196,O
-0.20240186736742924,0.826286055913709,0.031046175268296727,O
-0.19993036070564832,0.8131447637974781,0.03028483560478762,O
-0.19833700275792174,0.8059135105020572,0.029799171878800934,O
-0.19452005979530712,0.5857176607891601,0.028652189569451925,O
-0.1914942188465606,0.9153734674347073,0.027759388097931326,O
-0.19129508860516112,0.9807069890764959,0.027701142627634456,O
-0.18572942549114907,0.8524629050032074,0.026098610442293724,O
-0.184563451929359,0.8716835998935833,0.025769099673725426,O
-0.18234967615202324,0.6490596738730556,0.025149383796339297,O
-0.17296449956979149,0.8667105753766271,0.022607911132157876,O
-0.1729624889896295,0.9370510041099119,0.022607381514428704,O
-0.17249075364852312,0.6026905055000457,0.022483294582436752,O
-0.17069435750537507,0.8450445713414758,0.022013960921615672,O
-0.16512591049885897,0.9219642284023291,0.0205912580411301,O
-0.1594184041449896,0.9781662858280923,0.019183337497617192,O
-0.15935543516280679,0.9121056715486224,0.019168087901546116,O
-0.15697609079702793,0.615793670920074,0.018596395115197784,O
-0.15673306928320754,0.9036741629498817,0.018538499914899254,O
-0.15591244167073617,0.9505673996482935,0.018343680640613036,O
-0.15551612001467674,0.8256455819206807,0.018249968133944527,O
-0.15543807170257556,0.651073302717271,0.01823154197522603,O
-0.1521086311599812,0.9732388147509211,0.017454327943003056,O
-0.14661806487855944,0.893049555235309,0.016210233265726515,O
-0.1439417826625791,0.6167962333238187,0.015620763683075023,O
-0.14244648012207975,0.9986766022033065,0.015296241441792813,O
-0.14127045615226919,0.6521275893599837,0.015043441378943256,O
-0.14004778383645097,0.9174709991063978,0.01478288084010354,O
-0.13966895206931976,0.63988785158159,0.01470261778569043,O
-0.1390142338399076,0.8965231920417113,0.014564425403348902,O
-0.13531311718914266,0.6290020206289325,0.013795669932208154,O
-0.13306280204967996,0.83486764275323,0.013338587943089397,O
-0.12331863750516987,0.8740822139756681,0.011449310336156537,O
-0.11975505142301004,0.6530944850996272,0.010794796801994688,O
-0.11350955188556319,0.8898323551610765,0.009694642474515514,O
-0.11224204448968553,0.9747335049749515,0.009478655718159479,O
-0.10782642488759141,0.6390076191245164,0.008745397420041046,O
-0.1057043944837903,0.9825370446076349,0.008403604449134405,O
-0.10389327684109077,0.6154555828089932,0.008117323375847418,O
-0.09476178744748648,0.962729275202153,0.0067500349273554305,O
-0.09063525544539963,0.9685279877613611,0.006173767281387799,O
-0.08730319167817618,0.9484232304564597,0.005727319520861918,O
-0.07894807135377414,0.8830375805451068,0.004681905223367255,O
0.05035553582812427,0.8010415955770767,-0.0019029670859798675,O
0.05973349304838434,0.6868934916510419,-0.0026784590247368456,O
0.06148033751103772,0.6889567184869334,-0.00283755783684575,O
0.06375121582563625,0.8578462836884306,-0.0030512665486186474,O
0.06404197058681937,0.8882852706438273,-0.003079190969825174,O
0.07298073541099015,0.7339841212126821,-0.003999974070033718,O
0.0735891461061072,0.8140866650213943,-0.004067035410813713,O
0.07503409327127701,0.7689821297175794,-0.004228546566804603,O
0.07585151718245853,0.7371812153520779,-0.004321314079284544,O
0.0798236541494106,0.6623209333197456,-0.004786498677854523,O
0.08204086617509022,0.7376202751562403,-0.0050565506937085836,O
0.08450221647391182,0.657643338016771,-0.005365063075688181,O
0.0874950093396633,0.8058784080050081,-0.005752563155463408,O
0.09203675367516599,0.7608205225171347,-0.006366584151550336,O
0.09547830120344836,0.8401739745140226,-0.006852732816205742,O
0.09603575865862425,0.8802306676103455,-0.006933173169251461,O
0.09867640782091372,0.7593465541363202,-0.0073206390138531585,O
0.10223140611542317,0.7962844760996008,-0.007859033432751461,O
0.10367176111303125,0.8041445495161805,-0.00808265196011082,O
0.10678393806302361,0.814419876857762,-0.008576626579011037,O
0.10954058246183165,0.6843600660800033,-0.009026513721211049,O
0.1109531859627274,0.6586512086239663,-0.009261549204347852,O
0.12248028659022907,0.8252095122379752,-0.011293580438794304,O
0.12457953899664374,0.6160973152365181,-0.011685563618153594,O
0.12586979475326487,0.7775373994529005,-0.011929844318576965,O
0.12814756816555542,0.6519035530769878,-0.012367333062418162,O
0.12913516431025795,0.834696956023233,-0.012559498328835406,O
0.1314520472484931,0.6210418856330412,-0.013016204403388687,O
0.13703946128405453,0.9210654104588454,-0.014151616545383827,O
0.14296725522890866,0.8110477149673655,-0.015408871490974307,O
0.1481986832196011,0.7381749856287925,-0.016563588097910198,O
0.14869502148014554,0.6807698457103674,-0.016675346115762546,O
0.15554760461625797,0.641402000555006,-0.018257403908889303,O
0.15667323033741384,0.8660125877945555,-0.01852425854650286,O
0.15870388310781483,0.5904951210834611,-0.019010660286635506,O
0.15965443551703853,0.8487129512792613,-0.01924055372102884,O
0.1597756597045949,0.735681612779677,-0.019269973366713433,O
0.16110621027033933,0.9340343114246962,-0.01959438825781923,O
0.16204742248557577,0.6255528367697561,-0.01982554273220616,O
0.1638202564794754,0.9150111256192286,-0.020264693255666266,O
0.1662121702187205,0.8677063845205861,-0.020864979942614548,O
0.16678559407799454,0.6283098400430287,-0.02101021889327659,O
0.17106073512449188,0.8021803131496726,-0.022109271284915355,O
0.17180879646791916,0.6733971681502668,-0.02230452755767315,O
0.17603464749013595,0.990579660407016,-0.023424043102826753,O
0.1786688919745871,0.8090316240103446,-0.02413611371465224,O
0.1824739627139522,0.7981667007555056,-0.02518397110154752,O
0.18776244671307624,0.7805883389894435,-0.026678296124801493,O
0.19057160683775148,0.628385437189378,-0.027490054022936528,O
0.19222900426331,0.9657948525156452,-0.027974856763697598,O
0.19824375821225862,0.6273833298840719,-0.029770875767239746,O
0.2021102668694339,0.8699429708026666,-0.030955841351791025,O
0.20572109526067514,0.9524272736414726,-0.032084004559292334,O
0.2090037647830235,0.9995781203673098,-0.033127746124538615,O
0.21364246923952135,0.9937858655755559,-0.03463212314832337,O
0.2150882168880383,0.6531541933530534,-0.03510806451437193,O
0.21654564203590257,0.6437287568278465,-0.0355912571760123,O
0.22738632928415245,0.5860538260321639,-0.039293055119190734,O
0.22946920442570087,0.988385912865227,-0.04002611684471197,O
0.23087589820164478,0.6251235909360797,-0.040525190636520936,O
0.23171595001665105,0.9163914341820432,-0.04082476492960868,O
0.23193220895179015,1.0040781355048038,-0.04090207199305096,O
0.23806473286855498,0.6468554870859107,-0.043126065278981274,O
0.23871685586887273,0.5929326916044146,-0.043366178091013896,O
0.2466607166740952,0.588044302205387,-0.04634715134180023,O
0.2516793930629172,1.0027697722017326,-0.04828400263969207,O
0.2519026330978396,0.9642052631743141,-0.04837112431023055,O
0.25772519181946435,0.961721449327946,-0.05067261035380766,O
0.25917155767022676,0.9892799320049324,-0.05125304717722573,O
0.27638512425941486,0.9850942270824119,-0.05842955706346331,O
0.28366231664632324,1.0045845117467258,-0.06161364621378851,O
0.2866374398868851,0.5784880346641239,-0.06294130230391853,O
0.2933068881873542,0.9530993362186684,-0.06597248770493791,O
0.29713188211897507,1.0113548424422985,-0.06774532627260044,O
0.3110124869830636,0.6143380993751326,-0.07439126191076828,O
0.3183529479693643,0.6407340617245114,-0.07804161412218741,O
0.3189993569251055,0.977144718294025,-0.0783676026718157,O
0.3233492029653544,0.9563362070328196,-0.08058043231792894,O
0.32526781793275295,0.6163993574441373,-0.08156709538700868,O
0.344248100443993,0.6067910783608046,-0.0916819244160143,O
0.34764971555166085,0.6470481845820029,-0.09356327217577576,O
0.34838798729954934,0.608207209330468,-0.09397436965499079,O
0.34870279281420796,0.9562482044012448,-0.09414996705266043,O
0.35245466566158284,0.6165707903340871,-0.09625666716806486,O
0.3631670088073949,0.9956874359121661,-0.10241391021652935,O
0.36867186671451657,0.9626281156973244,-0.105660596174742,O
0.37117454571131353,0.609842255135489,-0.10715532905280489,O
0.37319894146029353,0.9933713212822204,-0.10837298901283826,O
0.3762639980061838,0.982588526010874,-0.11023125716545712,O
0.38500055114896936,0.9378173007862726,-0.11562548595630129,O
0.38623746221096095,0.5953319673373785,-0.11640092466571733,O
0.389426122018275,0.639477440986052,-0.11841344286647493,O
0.39243874517742,0.9927323969836606,-0.12033278636185718,O
0.3931289198627341,0.9415506204011099,-0.12077495751164302,O
0.3938765617678368,0.6721930491977393,-0.12125498307251109,O
0.4039648671946463,1.0128462563430563,-0.1278382498178553,O
0.41065831794165975,0.638240001672113,-0.13231603493826644,O
0.41081741768546964,0.9890986198580571,-0.13242354473907197,O
0.41718149391594656,0.5925175050205455,-0.1367652063743265,O
0.41766853814288774,0.8864999386289307,-0.1371007988289955,O
0.41836672689582854,0.7101568017574117,-0.13758270558923102,O
0.42107064463291727,0.7004511137456968,-0.13945823198479362,O
0.4214898933040804,0.92916761072723,-0.13975035116870604,O
0.4227830233300465,0.6285471256261912,-0.14065359118295867,O
0.4317750488797631,0.9460307824684746,-0.14702801539685384,O
0.4323585717409917,0.8750531476457395,-0.14744735878979487,O
0.4326725763932668,1.0060886101180848,-0.14767330364156134,O
0.4337155791158169,0.9069190702578325,-0.14842525475927848,O
0.4340467429908965,0.7453160875301934,-0.14866447318856524,O
0.4375433805471466,0.7645840583497215,-0.15120404515227232,O
0.4413829421224109,0.7107147425969199,-0.15402174185183443,O
0.44244380802365274,0.7540805851387187,-0.15480565617140635,O
0.4442613930151404,0.8352226769540896,-0.15615418182681545,O
0.4520327592045677,0.8576059667404834,-0.16199799500774775,O
0.4521006499069329,0.8477598843359062,-0.1620496065638718,O
0.45472681934506787,0.7648110844596042,-0.16405354917245452,O
0.457663582878133,0.7648349223084152,-0.16631184265545496,O
0.4579638425503213,0.6629480329670736,-0.1665437699113535,O
0.4587330024580111,0.9467613060135104,-0.16713876452734916,O
0.4597366680890326,0.8220496083323894,-0.16791706675883433,O
0.4645555325551523,0.7729431564471684,-0.17168401589158871,O
0.465049898150306,0.8846694011671177,-0.1720732955022038,O
0.4664880653097285,0.9854327344007092,-0.17320876130490315,O
0.46934719143600906,0.6745345100540097,-0.1754794334344812,O
0.4729607113768682,0.796941027526398,-0.17837472316800584,O
0.47457756296347126,0.6565410573370676,-0.1796794678388819,O
0.475038973290944,0.7106599387716344,-0.18005286425060069,O
0.48181434568937964,0.6589549084919955,-0.18559001576836426,O
0.48222007410621015,0.8668366690411324,-0.1859248308067561,O
0.48694619526244526,0.6591634219432314,-0.18985204783249215,O
0.48851536959824393,0.9730425637995532,-0.1911670653787952,O
0.48885502067872494,0.7757339557334371,-0.1914524350625585,O
0.48957458412074717,0.6908092459112101,-0.19205786259034213,O
0.49014758944019354,0.879935877425494,-0.19254081659371602,O
0.49017032205549427,0.930464327030197,-0.19255999197055723,O
0.49374432959569986,0.6770040491089331,-0.19558932531498768,O
0.4968809869159721,0.687784513322836,-0.19827195970388212,O
0.4971309072190731,0.6812754941050592,-0.1984866741185598,O
0.4989886966316549,0.9157697461382401,-0.2000872600723751,O
0.4995718470189001,0.8736526153324438,-0.20059131457851936,O
0.5000910096886793,0.6634407081767029,-0.20104072059042044,O
0.5002234673761635,0.779078789255906,-0.20115548041966208,O
0.501311428673346,0.9100743029550058,-0.20209961251514003,O
0.5018386993516262,0.8158405447389616,-0.20255816329809867,O
0.5036588253225874,0.8791658038472027,-0.2041460258701946,O
0.5053809047035327,0.788447871899256,-0.20565544864887808,O
0.5070765808862995,0.7953712895493641,-0.2071484936341353,O
0.5075684152970097,0.9267887310933838,-0.20758281366503595,O
0.5103268642182962,0.9090207479041219,-0.2100292227230411,O
0.5113773043200296,0.8192167056950659,-0.21096554801302747,O
0.5183814326439586,0.846511751809726,-0.21727572988093308,O
0.5195071210613965,0.7266382062515986,-0.21830081917611255,O
0.5205388505540864,0.6672044865549496,-0.219243022117928,O
0.5216441425724544,0.8934581109117664,-0.22025525038402294,O
0.5230414026933625,0.8763943909091905,-0.22153908745544376,O
0.5233197649347129,0.784767014759251,-0.22179541811002612,O
0.5236624774809439,0.7283493034251438,-0.22211126392918307,O
0.5246179677484474,0.910963114381913,-0.22299335443786733,O
0.5250476631422468,0.8419157963542443,-0.2233907642841731,O
0.5251490751880834,0.67908813994491,-0.2234846221586374,O
0.5261348327426015,0.7972012439361194,-0.22439825572651478,O
0.5265046506299871,0.9393304824471231,-0.22474162659238361,O
0.5265284891224079,0.8118998680141654,-0.22476377175812345,O
0.5270323112939044,0.7238076112000089,-0.2252321303792359,O
0.5301745477629481,0.7520816520073261,-0.2281672142003905,O
0.5304658533855375,0.8185545240494227,-0.22844054351285048,O
0.5320416705453228,0.7576733336160095,-0.22992274376417565,O
0.5337260551776472,0.8875754533386007,-0.2315138469202191,O
0.5338503442494675,0.780613147023898,-0.2316315313066037,O
0.5343727412495684,0.7220337481617785,-0.2321265874815423,O
0.5376208122132583,0.9119567513972437,-0.23521990444223784,O
0.5399826145622383,0.9126118829092196,-0.2374857442651624,O
0.542406208000657,0.8632003332794805,-0.23982545358776475,O
0.5426689688534854,0.7851020563830123,-0.24008001125156225,O
0.5579112797962364,0.8626285588385593,-0.25514910181127215,O
0.6406942306778415,0.5853578243759926,-0.34830579959509644,O
0.642611055596639,0.5961529085806134,-0.35071116761007803,O
0.6529482319575601,0.6639822723906497,-0.36389619120308087,O
0.6586210470908861,0.5922109243173841,-0.3712878082788173,O
0.6635052054244547,0.6504688870980448,-0.3777425004291717,O
0.6651185893948078,0.6154285659797387,-0.37989338025646546,O
0.6710547108881167,0.6192889059256093,-0.3878882503370227,O
0.6751663005458391,0.9355829539187752,-0.39350167200022274,O
0.6768435932083213,0.6815181346014827,-0.3958097137499764,O
0.682419166150534,0.9974773552139928,-0.4035583992941429,O
0.6898282551805385,0.984359839872538,-0.41404042372757216,O
0.6906511880633743,0.6580673233257007,-0.4152179449493269,O
0.7019474074430145,0.6241053533299201,-0.43165682776363073,O
0.7036119161693963,0.6641314286259274,-0.43412331355594025,O
0.7038465586790006,0.9409934026360169,-0.4344719388348384,O
0.7051170398530338,0.6489637209060538,-0.43636359114356466,O
0.7101384555065617,0.6972747055560782,-0.44390692099408274,O
0.7154569346071591,0.9435863978394505,-0.452014745749881,O
0.7174238252981582,0.946169599657398,-0.45504455907787383,O
0.7188943571151143,0.6255828543490584,-0.45732098302348834,O
0.7224642975297431,0.6475992357642737,-0.4628876568623708,O
0.7236384242649053,0.722283527268825,-0.4647310882738432,O
0.7269413637655644,0.6571571844713644,-0.4699506950126183,O
0.7280207228254809,0.9876777519876383,-0.4716673149911577,O
0.7299228547469916,0.6533749722193996,-0.47470569651172584,O
0.730415153152804,0.5939557089936823,-0.4754948345173057,O
0.7319165875245967,0.6496117577168476,-0.47790864153966833,O
0.7322779281348334,0.9749458961666477,-0.4784911498549068,O
0.733827630560297,0.6878231572191001,-0.48099643307342355,O
0.7413073578079925,0.962605567221035,-0.4932514450795575,O
0.7422974295817664,0.6855359282889382,-0.4948941928425242,O
0.7444738017551508,0.6766951046967622,-0.4985224882077865,O
0.7448023713896631,0.6107892745287804,-0.4990723242722518,O
0.7470238844509346,0.6157572320225349,-0.5028042012048823,O
0.7471166971132152,0.5964524785991295,-0.5029606617525361,O
0.7474703353769826,0.5881403653568591,-0.5035572169483601,O
0.7484068120688482,0.6623010155683454,-0.5051400610085239,O
0.7493454304372645,0.651796444956743,-0.5067310493948384,O
0.7544949812377788,0.5994577237409036,-0.5155412769466875,O
0.755180518906008,0.6477076511788681,-0.516724675537966,O
0.7554084889405799,0.6400109709237072,-0.5171187592683707,O
0.7607239567776961,0.9887333169002015,-0.5263866842708583,O
0.7624024261194278,0.7013555424199454,-0.5293452125208347,O
0.7658023500240554,0.9573483695403036,-0.5353859779322732,O
0.7683225336871714,0.6411466067403214,-0.5399056871774617,O
0.7692676595208877,0.6566992969121603,-0.5416100203808863,O
0.7705644226297022,0.9937476875419569,-0.5439568216868831,O
0.7706024523445282,0.6888598163954371,-0.5440257921934567,O
0.771321651179839,0.988175050066076,-0.5453317076346804,O
0.7731631560365131,0.6894973056039919,-0.5486892453923209,O
0.774136418907393,0.9862410888843766,-0.550471795535918,O
0.7783419038008981,0.6956811836330297,-0.5582390262003392,O
0.7824128501844492,0.7580029814657151,-0.5658598623873101,O
0.7863903368883696,0.690309927234923,-0.5734051394437036,O
0.7870814706623637,0.7219142257674251,-0.5747264152074077,O
0.7874871459240658,0.6445100450327219,-0.5755033862907714,O
0.7885500854998115,0.6415517562288577,-0.5775441929387405,O
0.7903918715445887,0.6556171241362125,-0.5810976378626804,O
0.7917216192419297,0.9539320607455928,-0.5836769267031916,O
0.7945420862948817,0.9847179109972539,-0.5891863722534132,O
0.7972878739030421,0.7147248117829057,-0.5946011355285863,O
0.800993028863424,0.9640757321183371,-0.601989489286208,O
0.803418999827555,0.7402637739908999,-0.6068789000862174,O
0.8059303235653886,0.688738695563867,-0.6119844001905019,O
0.8063068865240212,0.9676240379501794,-0.6127538612798231,O
0.8104916559365957,0.646178202793151,-0.6213747270715468,O
0.8108578679577552,0.9411684147254133,-0.6221353091536497,O
0.8128241158752945,0.6481009275999265,-0.6262362147204896,O
0.8163328299275532,0.7151557809096389,-0.6336273323444679,O
0.8166136814673854,0.9803410883177892,-0.634223057427239,O
0.8169086965567298,0.9987848160868158,-0.6348494880354831,O
0.8187998719140555,0.7616762804266816,-0.6388814065731512,O
0.8196264164670543,0.990175644187731,-0.640652451439993,O
0.82238376875672,0.8214119791270151,-0.6466002648275776,O
0.8251896376345169,0.8111906324783166,-0.6527163170658938,O
0.8253669993539499,0.8206914638533509,-0.6531051057839126,O
0.8299772584861698,0.9731206708425273,-0.6633041541931087,O
0.8317437969069438,0.716025597183602,-0.667260498901159,O
0.833941927539227,0.8169463066607037,-0.6722216852578482,O
0.8352353417062337,0.8317336714817561,-0.6751610284904332,O
0.8362322654749484,0.9892661529611553,-0.6774368742145502,O
0.8362651907335106,0.969464900486072,-0.6775121920497837,O
0.8368425506737307,0.6306587689193053,-0.6788345312245283,O
0.838319691507451,0.819418657185426,-0.6822315649467647,O
0.8392985040525385,0.6356073804731442,-0.684493686435148,O
0.8418570287703901,0.8342860389450175,-0.6904490923992157,O
0.8438798961907694,0.7215766912144774,-0.6952018129919921,O
0.848221889672551,0.8180174760023173,-0.705538447606975,O
0.8492876386271971,0.821130077809584,-0.7081044005243882,O
0.8519910342872984,0.9471881888745309,-0.7146654379427619,O
0.8554485384046011,0.7871034564921482,-0.7231682641535419,O
0.8554830111306518,0.8439831343541135,-0.723253683787059,O
0.856558770418836,0.6375036211847962,-0.7259257698115855,O
0.858119879375339,0.6415036287362537,-0.7298259200694164,O
0.8601155241642752,0.9577875692874969,-0.7348510658334995,O
0.8624208765363232,0.8937990802928948,-0.7407121617217749,O
0.8649089017408836,0.9040947007614027,-0.7471066932817761,O
0.8657678249000065,0.9683604553097567,-0.7493311881543223,O
0.8676080871826848,0.8184616898903476,-0.7541270444142606,O
0.8676777074169805,0.5957752944276822,-0.7543092858858111,O
0.8702895594079121,0.8834588833145133,-0.7611893434258273,O
0.8723619497218792,0.9226274497315251,-0.766709188299592,O
0.8724466269688361,0.8871748971645372,-0.7669358916478889,O
0.8744177118799291,0.7612016006412543,-0.7722392243401641,O
0.8765753253303962,1.0074983247055427,-0.7781029693929351,O
0.8768924786384751,0.9216150139757487,-0.7789701413662808,O
0.877582759376713,0.806436901121032,-0.7808622343384428,O
0.881928442901734,0.8660301018295016,-0.7929250403231094,O
0.8824312480311112,0.6304353900813828,-0.7943379292316506,O
0.8827622382398941,0.9892195174301787,-0.7952700026536348,O
0.885025190955916,0.5855915596041064,-0.8016852961663706,O
0.8859862615711206,0.5987124916409272,-0.8044327676699634,O
0.8870338059504371,0.8177862436354447,-0.8074432795955013,O
0.8885466907739402,0.612289622726127,-0.8118206983583205,O
0.888981455275038,0.8233644474601075,-0.8130852036835865,O
0.8895651189216978,0.9761824812703528,-0.8147874248124836,O
0.8903601909429779,0.8584727784451148,-0.8171148388169768,O
0.8911948130231879,0.929289300054455,-0.819568841254847,O
0.8945504811311674,0.7878033003461957,-0.8295496046738484,O
0.8954623613566642,0.8362481395199212,-0.8322941451241568,O
0.8967578924049789,0.9346065501037787,-0.8362177424628574,O
0.8990146078587834,0.8853800478895416,-0.8431220406900798,O
0.9078154759702788,0.6018449994175377,-0.8709452419900743,O
0.9083912595520132,0.8802149589529966,-0.8728182328611657,O
0.9137214251857739,0.8537123556814024,-0.8904882252145772,O
0.9139647312874228,0.9008193585015543,-0.8913095553435268,O
0.9156940753507572,0.9032314591896814,-0.897185923499688,O
0.9180238697686601,0.9204061713561876,-0.9052123129185576,O
0.9181316387738253,0.9667877035055403,-0.9055867083959153,O
0.9204110330985936,0.8565425868756786,-0.9135718775174966,O
0.9269894432868282,0.8810792861382111,-0.9373688712146769,O
0.9300122694591676,0.6511066227239706,-0.9487072901128935,O
0.9698687880798799,0.7311467973742705,-1.1345582107995225,O
0.9723124876938776,0.7782570856891082,-1.1494733118324338,O
0.9738012042389318,0.7691248496908945,-1.1588985005877075,O
0.9747064901516032,0.7671642508764345,-1.1647667519073157,O
0.975314424804339,0.7664653734383345,-1.168768979820265,O
0.9766070365243553,0.8204022786723162,-1.1774522260578872,O
0.9797837438949506,0.793405701040818,-1.1999107062919667,O
0.980640040594852,0.7319415675623064,-1.2062713850170776,O
0.9810188900699834,0.7727065101916509,-1.2091317154050993,O
0.9827454431780602,0.8153158719741631,-1.2225551652964048,O
0.9827457403077062,0.7912717798328173,-1.2225575333679402,O
0.9835541363256273,0.7869316524290622,-1.2290796481201787,O
0.9842820956927937,0.8368105134901098,-1.2350949203547528,O
0.9845580743522979,0.7908827249260157,-1.237412593576322,O
0.9879198551306014,0.8044947379291592,-1.2675514903529257,O
0.9885133512821854,0.7727883392073205,-1.2732996531587548,O
0.9890560655839036,0.8455020676399481,-1.2786897583791013,O
0.9897780025415895,0.7917181624434311,-1.2860750416834037,O
0.9902959794624198,0.7435755151174133,-1.291538458256025,O
0.9908543014186912,0.7631104341452128,-1.2975958373447467,O
0.9908583108823704,0.8156659632598281,-1.297640005313537,O
0.9913883060384022,0.8309898832546965,-1.303567416238569,O
0.992925043746953,0.8895665012801762,-1.3218857687458665,O
0.9930779423579034,0.8125302360505926,-1.3238141580463019,O
0.9932072418602025,0.8434237541512841,-1.3254617717747463,O
0.9940614101498579,0.8495860809466461,-1.3367691698407715,O
0.994606968311115,0.7237490622986191,-1.3444262174378703,O
0.9952013819148432,0.8682101317679107,-1.3532281660935275,O
0.9955900586011532,0.9130312918242012,-1.3592840476962813,O
0.9956204364400016,0.8674599741715937,-1.3597684781449026,O
0.9960422670366803,0.8653218019668127,-1.3666787521736747,O
0.9962150054281106,0.8954178351197588,-1.3696150251765689,O
0.9964090044479048,0.8542458877778638,-1.3729942297607933,O
0.9964554268817915,0.8905126115968527,-1.3738163638378171,O
0.9971580134739889,0.925408707072072,-1.3869921844721873,O
0.9977031753769573,0.9171462108418333,-1.3983936953424791,O
0.9980357544404149,0.744935721094757,-1.406029664618341,O
0.9985788646366622,0.8399106585550145,-1.420058990642174,O
0.9987714003175446,0.893183224061768,-1.4256676228525222,O
0.9990717338302018,0.7109424603943085,-1.4353837560020124,O
0.9992414916143963,0.933945800397987,-1.4415877304709743,O
0.9994620196037195,0.8720088253984479,-1.4508038560279186,O
0.9994703486658661,0.944825555506799,-1.451186069509855,O
0.9996763488048637,0.9356300765538492,-1.4618398808912088,O
0.9998285709344903,0.7451868876445438,-1.472226547352484,O
0.9998542794018394,0.9496521859099019,-1.4743934595442068,O
0.9999621362134296,0.7432073445980001,-1.4869468848998508,O
0.9999674382462744,0.7595423394457625,-1.4878952279590951,O
0.9998590075680955,0.9473671642186299,-1.5251877195498533,O
0.9996933741571633,0.759557510317718,-1.5371430309627265,O
0.9996534810282188,0.9363569938709881,-1.5394849997261004,O
0.9996153697199868,0.6129074560848602,-1.5415993196343643,O
0.9995737416845432,0.7267092135497888,-1.5437921637192642,O
0.9993476940275716,0.7605894701080774,-1.5541702823879848,O
0.9993404201387143,0.9713926764195231,-1.5544713734286235,O
0.9991581631166869,0.6620513404796844,-1.5615359360365786,O
0.9990184519642943,0.9568957343694982,-1.5664439495247395,O
0.9988942732809009,0.9738640992569559,-1.5705196377961275,O
0.9988166694721335,0.9508341927486628,-1.5729509202501113,O
0.9987703392820343,0.7638678757543127,-1.5743644477120122,O
0.998200538984301,0.7615964460183573,-1.589946033463209,O
0.9979107719623175,0.6586959912072758,-1.596910810560721,O
0.9974311346439191,0.9155445117272355,-1.6074478766501428,O
0.9973894023492049,1.0034296161859555,-1.6083159968950378,O
0.9971984013480002,0.612579990026551,-1.6122030916919559,O
0.9970165659658357,0.788040722729247,-1.6157818041697758,O
0.9966573537775826,0.7590080021504063,-1.6225429235508932,O
0.9964553557017668,0.6510314590631383,-1.626184900879017,O
0.996369722916455,0.811760745207158,-1.6276972761049353,O
0.9961213665924379,0.7995433008692099,-1.6319848543982667,O
0.9961151580198873,0.5881020795785588,-1.632090241565317,O
0.9960186309456565,0.6063940725977297,-1.6337179693256125,O
0.9957328550772185,0.7469070800934094,-1.638423924844966,O
0.995236874099146,0.9531215352928648,-1.6462293403358625,O
0.9950856636783344,0.6464778307699444,-1.6485266789811166,O
0.9949512763460868,0.9641128506021377,-1.6505387153489384,O
0.994626239928523,0.6098858060392084,-1.6552963180590865,O
0.9946001744498064,0.6891581199275678,-1.6556714784889413,O
0.9945660807575247,0.5872195955010235,-1.6561608137942665,O
0.994556312278503,0.6955976038969811,-1.6563007320543186,O
0.9944340741504925,0.6751864089528582,-1.6580410148632905,O
0.9942275964657394,1.000134091961066,-1.6609373929775406,O
0.9937554000825145,0.9746820701464494,-1.6673707286696011,O
0.9935240338871475,0.8646070401530876,-1.670433232379641,O
0.9933865824479796,0.6008930611579085,-1.6722265080576386,O
0.99293475185354,0.7454452243587454,-1.6779924205225754,O
0.9925011301423405,0.6402641833434339,-1.6833531837708244,O
0.9923727689444631,0.9753826066404923,-1.6849098341878364,O
0.9923074493815089,0.7054443340373622,-1.6856968854865881,O
0.9921671487481788,0.6412408079914803,-1.687376052701635,O
0.9921410933759813,0.6737095326890865,-1.6876862125413126,O
0.9921112047672188,0.8623688762668505,-1.6880413627224327,O
0.9917890843524813,0.728735050726951,-1.6918265554044862,O
0.9917266195340153,0.872383256774633,-1.6925518170316176,O
0.991642303413679,0.9249754717811071,-1.6935264056425612,O
0.9914734453892231,0.8026601700009051,-1.695463336582727,O
0.9911549127807803,0.8400065461158883,-1.69906497044603,O
0.9907407902662897,0.6760324329077829,-1.703650545372919,O
0.9906738290218818,0.7207970147376124,-1.7043821667979557,O
0.9904133153847687,0.9850840596850958,-1.707203512504588,O
0.9903144924919565,0.72035507020654,-1.708263567171258,O
0.9900684511990574,0.9409149608947713,-1.7108792056265256,O
0.9897836057934295,0.7305928782284039,-1.7138666192531058,O
0.9895534475647817,0.6464050976769715,-1.7162497223777948,O
0.9892989918941169,0.8945697490535486,-1.7188535707588282,O
0.9892359971803084,0.8172370135101477,-1.7194933238985455,O
0.989035760940239,0.8989505835245588,-1.7215143179527344,O
0.9886399647997859,0.9532245233197323,-1.725454640674185,O
0.9880863772602185,0.8236248338530843,-1.7308504925568682,O
0.987788362152837,0.5963878039659699,-1.733702462737741,O
0.987763896681498,0.8080049395281497,-1.7339350121899493,O
0.9871870117263699,0.8278199131779587,-1.7393513290692364,O
0.9869861546394858,0.670251345779893,-1.7412078848989232,O
0.9864952405413222,0.9680184348759118,-1.7456848914279575,O
0.9860440477018526,0.8575644779376972,-1.7497269628643044,O
0.9856462937316259,0.6294410742102154,-1.7532352922076544,O
0.9855331403452925,0.9049618175834147,-1.7542242433022048,O
0.9854298682755307,0.8040374414655762,-1.755123387988161,O
0.9841899901084618,0.611002380754891,-1.7656739403539397,O
0.9840209358762974,0.9434825808365284,-1.7670791922886462,O
0.9838120847589494,0.6811448900663049,-1.7688047790405927,O
0.983539881203308,0.7826771500723291,-1.7710367681437544,O
0.9834470426093216,0.7932078272351496,-1.7717936852866583,O
0.9830669822930579,0.8696056724096579,-1.774869866903861,O
0.9830481623548923,0.8854486076333994,-1.775021269366581,O
0.983004159792702,0.9616291553732392,-1.7753749246355763,O
0.9827294854614643,0.7451151420089768,-1.7775719841959068,O
0.9819074367196436,0.8351443395208946,-1.7840422818137869,O
0.9812300292498771,0.7256953448741945,-1.789261416060182,O
0.981159073728967,0.8176251192898352,-1.7898024535583845,O
0.9810240846941555,0.9384631028278166,-1.790828861725393,O
0.9808204261872602,0.7913819599082486,-1.7923703234617747,O
0.9803769272182111,0.9394516421607988,-1.79569820983716,O
0.9800058150220726,0.7178930678939377,-1.7984532721827273,O
0.9788529018731416,1.0042215073350418,-1.8068480765993042,O
0.9787966675902765,0.7433085192813018,-1.8072514245807199,O
0.978287418330798,0.94190623994919,-1.8108792145757573,O
0.9772433682059686,0.7176552570613148,-1.8181817851783333,O
0.9756984729357274,0.7672727041248375,-1.8286762880091927,O
0.9721279890547687,0.767692491413128,-1.8516761848871002,O
0.9705835840135718,0.7440522141093965,-1.8611466315744647,O
0.9675732453155037,0.7656070330785472,-1.8788859111086793,O
0.9628063526217605,0.7295581512377214,-1.9052885842707146,O
0.9561444474544316,0.7113213249861956,-1.9393433055193103,O
0.9551233519522525,0.733824373032136,-1.9443125147346862,O
